{
  "project_info": {
    "project_number": "518907765694",
    "firebase_url": "https://helper-4d1fe.firebaseio.com",
    "project_id": "helper-4d1fe",
    "storage_bucket": "helper-4d1fe.appspot.com"
  },
  "client": [
    {
      "client_info": {
        "mobilesdk_app_id": "1:518907765694:android:c1e8dd015808f3c3b00fef",
        "android_client_info": {
          "package_name": "com.e.helper"
        }
      },
      "oauth_client": [
        {
          "client_id": "518907765694-iqtsaabpsmv80bbdrkofi2nf8dffqel4.apps.googleusercontent.com",
          "client_type": 3
        }
      ],
      "api_key": [
        {
          "current_key": "AIzaSyCqGg61rJtjW99sYAvO1RhyOenSaXt-cTo"
        }
      ],
      "services": {
        "appinvite_service": {
          "other_platform_oauth_client": [
            {
              "client_id": "518907765694-iqtsaabpsmv80bbdrkofi2nf8dffqel4.apps.googleusercontent.com",
              "client_type": 3
            }
          ]
        }
      }
    }
  ],
  "configuration_version": "1"
}